Date,Time,Timestamp Type,Evidence,Development Phase,Feature / Change,Description,Technical Changes
2026-08-04,17:26:04,VERIFIED TIMESTAMP,Project Artifact media__1785864353835.jpg,Phase 1 — Concept & Planning,Initial UI Concept & Feed Layout,Early UI mockup designed for campus news feed and article card structure.,Designed initial card layout and typography hierarchy for campus updates.
2026-08-05,12:06:45,VERIFIED TIMESTAMP,Project Artifact home_screen_feed_1785931605611.jpg,Phase 2 — Core Architecture,Home Screen Feed Architecture,Established standard post card presentation for articles and video reels.,Configured Flutter ListView widget with initial mock post data models.
2026-08-05,12:07:25,VERIFIED TIMESTAMP,Project Artifact spaces_screen_live_1785931645080.jpg,Phase 5 — Spaces & Live Audio,Live Spaces UI Prototype,Created Live Spaces tab layout with audio room cards and active indicator.,Designed grid cards showing room host status and participant count badges.
2026-08-05,13:29:13,VERIFIED TIMESTAMP,Project Artifact app_source_code.zip,Phase 2 — Core Architecture,Source Baseline Packaging,Pre-Git code snapshot zipped before establishing official version control.,Bundled early Flutter project directory and assets baseline.
2026-08-05,13:31:32,VERIFIED TIMESTAMP,Project Artifact tree.txt,Phase 2 — Core Architecture,Directory Structure Definition,Defined modular feature-first project directory structure.,Created features/ (auth feed discover social spaces user admin) directory tree.
2026-08-05,20:49:27,VERIFIED TIMESTAMP,Git Commit 671bc613675fb00e4f4f9bcdb2db1f4467cce1b3,Phase 2 — Core Architecture,Git Repository Initialization,First Git commit establishing version control tracking for 72 project files.,Initialized Flutter project dependencies (Riverpod GoRouter Firebase plugins).
2026-08-06,08:13:52,VERIFIED TIMESTAMP,Project Artifact firestore_schema.md,Phase 3 — Database & Auth,Firestore Schema Specification,Documented collection structures for users posts conversations spaces notifications.,Defined JSON document schemas and field types for Cloud Firestore.
2026-08-08,15:42:14,VERIFIED TIMESTAMP,Project Artifact admin_panel_plan.md,Phase 6 — Admin System,Admin & Permission Architecture Plan,Formulated Role-Based Access Control (RBAC) rules for Main Admin and Creators.,Specified email role checks and strict permissions (students barred from Go Live).
2026-08-08,21:34:39,VERIFIED TIMESTAMP,Git Commit de1d4f70e18e1dcd6905c16b78df5a2a33037591,Phase 6 — Admin System,Admin Panel Foundation & Firestore Rules,Pushed admin dashboard screens and secure firestore.rules permission definitions.,Added admin navigation shell security rule checks for isMainAdmin and creator roles.
2026-08-15,16:40:42,VERIFIED TIMESTAMP,Project Artifact implementation_plan.md,Phase 8 — UI/UX Refinement,Production-Grade UI/UX Overhaul,Planned full visual redesign modern glassmorphism dark theme and swipe navigation.,Created 8-phase implementation plan covering custom navigation swipe shell and tokens.
2026-08-15,17:11:12,VERIFIED TIMESTAMP,Project Artifact walkthrough.md,Phase 10 — Testing & Stabilization,Navigation Shell & Firestore Bug Fixes,Resolved ShellRoute element tree crash permission-denied errors and 999746px overflow.,Replaced duplicate PageView with GestureDetector + AnimatedSwitcher in AppRouter.
2026-08-15,23:20:42,VERIFIED TIMESTAMP,Code & Build Task 7858,Phase 9 — Android Development,Google Sign-In & OAuth Config Fix,Resolved ApiException 10 by configuring Web OAuth Client ID and SHA-1 in Firebase.,Updated google-services.json and passed serverClientId to GoogleSignIn constructor.
2026-08-16,00:00:55,VERIFIED TIMESTAMP,Code & Build Task 7980,Phase 8 — UI/UX Refinement,Dark Theme Preservation,Locked MaterialApp.router to ThemeMode.dark across all system theme settings.,Overrode lightTheme getter in AppTheme to return darkTheme guaranteeing dark theme.
2026-08-16,00:26:08,VERIFIED TIMESTAMP,Code & Build Task 8007,Phase 9 — Android Development,Application ID Migration (com.ciedaily.app),Migrated package name from com.example.cie_connect to production ID com.ciedaily.app.,Updated build.gradle.kts MainActivity.kt registered app in Firebase Console.
2026-08-16,01:17:39,VERIFIED TIMESTAMP,Code & Build Task 8099,Phase 9 — Android Development,Production Release Keystore Generation,Generated RSA 2048-bit upload-keystore.jks and added release SHA-1 to Firebase.,Configured key.properties and signingConfigs.release in build.gradle.kts.
2026-08-16,01:24:02,VERIFIED TIMESTAMP,Code & Build Task 8084,Phase 11 — Google Play Prep,Initial Release App Bundle (.aab),Compiled release-signed 81.9 MB Android App Bundle (.aab) with upload-keystore.jks.,Executed flutter build appbundle --release for com.ciedaily.app.
2026-08-16,02:09:30,VERIFIED TIMESTAMP,Code & Build Task 8149,Phase 11 — Google Play Prep,Incremented Version Code (versionCode: 10),Updated pubspec.yaml to version 1.0.9+10 and built release App Bundle.,Executed flutter build appbundle --release --build-number=10 --build-name=1.0.9.
2026-08-16,10:47:11,VERIFIED TIMESTAMP,Code & Build Task 8181,Phase 10 — Testing & Stabilization,Edit Profile Blank Screen Fix,Fixed Edit Profile save button route popping issue causing blank screen on submit.,Refactored sheet to StatefulBuilder invalidating userProfileProvider without pop.
